{"learning_rate": 0.06551016087428566, "num_leaves": 65, "max_depth": 14, "min_data_in_leaf": 46, "feature_fraction": 0.9658637300378169, "bagging_fraction": 0.7565186481149756, "bagging_freq": 6, "lambda_l1": 7.481475266046661e-07, "lambda_l2": 1.553077009674252e-06, "min_split_gain": 0.0393301251293514, "objective": "binary", "metric": "auc", "boosting_type": "gbdt", "verbosity": -1, "seed": 42}